"","RMSE","MAE","R2"
"Train",120.248784904839,89.2293570093292,0.865681477933329
"Validation",187.882805342701,144.115537752281,0.665777863545549
"Test",199.97716472673,151.996427064817,0.603038733501678
