"","RMSE","MAE","R2"
"Train",149.323577042296,111.044591413489,0.793355272610042
"Validation",190.493799375776,145.452801794693,0.660327281026137
"Test",200.362400564072,151.571251843622,0.597129543919559
