"","RMSE","MAE","R2"
"1",97623.6452240965,97623.1519888316,6.06961389124097e-05
